abdos->abdominaux
abois->aboi
abris->abri
acajous->acajou
accus->accu
adieux->adieu
ados->ado
aficionados->aficionado
aghas->agha
agios->agio
alfas->alfa
altos->alto
alu->aluminium
ales->ale
amphis->amphi
amplis->ampli
anis->ani
anniv->anniversaire
appuis->appui
apéros->apéro
aras->ara
arcs-en-ciel->arc-en-ciel
aulx->ail
autoradios->autoradio
autos->auto
aveux->aveu
avions-cargos->avion-cargo
avisos->aviso
azulejos->azulejo
aïeux->aïeul
bagous->bagou
bais->bai
bals->bal
bambous->bambou
bancos->banco
banderilleros->banderillero
banjos->banjo
barmen->barman
bas-bleus->bas-bleu
baux->bau
bayous->bayou
belles-de-jour->belle-de-jour
belles-de-nuit->belle-de-nuit
bijoux->bijou
binious->biniou
bisous->bisou
bistros->bistro
bobos->bobo
boléros->boléro
bongos->bongo
bonheurs-du-jour->bonheur-du-jour
boubous->boubou
bouche-trous->bouche-trou
boutons-d'or->bouton-d'or
brais->brai
braseros->brasero
bravos->bravo
brus->bru
businessmen->businessman
cacaos->cacao
cachous->cachou
cailloux->caillou
cajous->cajou
camaïeux->camaïeu
cameramen->cameraman
cappuccinos->cappuccino
caracos->caraco
cargos->cargo
caribous->caribou
casinos->casino
centavos->centavo
chais->chai
charrois->charroi
check up->check-up
chefs-lieux->chef-lieu
chevaux-vapeur->cheval-vapeur
chorizos->chorizo
chouchous->chouchou
chromos->chromo
chronos->chrono
cigarillos->cigarillo
clergymen->clergyman
clodos->clodo
clous->clou
cm->centimètre
cocoricos->cocorico
cocos->coco
codétenus->codétenu
collabos->collabo
colo->colonie
coloc->colocataire
colos->colonie
commandos->commando
comptes-rendus->compte-rendu
concertos->concerto
congres->congre
conjungos->conjungo
conso->consommation
consos->consommation
contraltos->contralto
convois->convoi
cordons-bleus->cordon-bleu
coucous->coucou
cours->cour
cous->cou
cris->cri
crocos->croco
cruzeiros->cruzeiro
culs-de-sac->cul-de-sac
curaçaos->curaçao
dactylos->dactylo
daïmios->daïmio
desperados->desperado
diabolos->diabolo
diapos->diapo
dicos->dico
dissert->dissertation
distinguos->distinguo
dodos->dodo
dominos->domino
douros->douro
duos->duo
dynamos->dynamo
décis->déci
désarrois->désarroi
email->e-mail
embargos->embargo
embus->embu
emplois->emploi
enjeux->enjeu
ennuis->ennui
envois->envoi
escudos->escudo
essais->essai
essieux->essieu
euros->euro
exam->examen
exclus->exclu
expo->exposition
expos->exposition
fars->far
fiascos->fiasco
fieux->fieu
figaros->figaro
filous->filou
flous->flou
fléaux->fléau
fois->foi
folios->folio
frais->frai
francs-bourgeois->franc-bourgeois
frigos->frigo
froufrous->froufrou
frous-frous->frou-frou
fétus->fétu
g->gramme
gauchos->gaucho
geckos->gecko
genoux->genou
gentlemen->gentleman
ghettos->ghetto
gigolos->gigolo
glissandos->glissando
glouglous->glouglou
glus->glu
gnous->gnou
gogos->gogo
gombos->gombo
gourous->gourou
gringos->gringo
gruaux->gruau
gueules-de-loup->gueule-de-loup
guis->gui
guérilleros->guérillero
halos->halo
hebdo->hebdomadaire
hebdos->hebdomadaire
herpes->herpe
hiboux->hibou
hidalgos->hidalgo
hostos->hosto
hotus->hotu
hurluberlus->hurluberlu
hypertendus->hypertendu
igloos->igloo
imbroglios->imbroglio
impresarii->impresario
impresarios->impresario
imprésarios->imprésario
in-folios->in-folio
in-octavos->in-octavo
incognitos->incognito
individus->individu
infos->info
intello->intellectuel
intellos->intellectuel
intox->intoxication
isbas->isba
jazzmen->jazzman
jeux->jeu
joujoux->joujou
kangourous->kangourou
kapos->kapo
kibboutzim->kibboutz
kilos->kilo
kimonos->kimono
labo->laboratoire
labos->laboratoire
lamparos->lamparo
landaus->landau
laos->lao
lassos->lasso
lavabos->lavabo
lei->leu
licous->licou
lieus->lieu
linos->lino
lis->li
lithos->litho
log->logarithme
logos->logo
lois->loi
lolos->lolo
lotos->loto
loulous->loulou
loups-garous->loup-garou
lulus->lulu
lumbagos->lumbago
magnétos->magnéto
malentendus->malentendu
malotrus->malotru
mambos->mambo
manageur->manager
mandchous->mandchou
manif->manifestation
manip->manipulation
manitous->manitou
marlous->marlou
matous->matou
maux->mal
max->maximum
mayo->mayonnaise
meccanos->meccano
mezzos->mezzo
miaous->miaou
micros->micro
milieux->milieu
minous->minou
modif->modification
mois->moi
monsieur->Monsieur
motos->moto
moudjahidin->moudjahid
moyeux->moyeu
muchachos->muchacho
mécanos->mécano
mélis-mélos->méli-mélo
mélos->mélo
mémentos->mémento
mémos->mémo
métallos->métallo
métros->métro
neutrinos->neutrino
neveux->neveu
non-lieux->non-lieu
nounous->nounou
numéros->numéro
négros->négro
octrois->octroi
oeils-de-boeuf->oeil-de-boeuf
oeils-de-perdrix->oeil-de-perdrix
oratorios->oratorio
oto-rhinos->oto-rhino
ouzos->ouzo
ovnis->ovni
palefrois->palefroi
pans->pan
papous->papou
paris->pari
parois->paroi
pars->par
paréos->paréo
patios->patio
pesos->peso
petits-bourgeois->petit-bourgeois
philos->philo
phonos->phono
photos->photo
pianos->piano
piccolos->piccolo
pioupious->pioupiou
placebos->placebo
plis->pli
pneumos->pneumo
pneus->pneu
policemen->policeman
polios->polio
polos->polo
ponchos->poncho
portos->porto
pots-de-vin->pot-de-vin
poux->pou
prolos->prolo
promos->promo
proprios->proprio
pros->pro
provos->provo
préaux->préau
pédalos->pédalo
quais->quai
quasimodos->quasimodo
queues-de-rat->queue-de-rat
quipos->quipo
quiproquos->quiproquo
radios->radio
rais->rai
recordmen->recordman
rectos->recto
renvois->renvoi
restaus->restau
restos->resto
rezzous->rezzou
rhinos->rhino
rococos->rococo
rodéos->rodéo
rois->roi
romanis->romani
romanos->romano
romans-photos->roman-photo
rondos->rondo
ronds-de-cuir->rond-de-cuir
roudoudous->roudoudou
rugbymen->rugbyman
rus->ru
résidus->résidu
rétros->rétro
sals->sal
sapajous->sapajou
sarraus->sarrau
saxos->saxo
schupos->schupo
scénarios->scénario
shakos->shako
silos->silo
sirventes->sirvente
skis->ski
solos->solo
sombreros->sombrero
sonos->sono
sopranos->soprano
spéléo->spéléologie
squatter->squatteur
studios->studio
stylos->stylo
sténos->sténo
stéréos->stéréo
supermen->superman
supporteur->supporter
taf->travail
tangos->tango
tatous->tatou
tempos->tempo
tennismen->tennisman
tois->toi
topos->topo
toreros->torero
torpédos->torpédo
totos->toto
toutous->toutou
transfos->transfo
travelos->travelo
tribus->tribu
trios->trio
tris->tri
trou-trous->trou-trou
trous->trou
trémolos->trémolo
turbos->turbo
turcos->turco
tutus->tutu
typos->typo
télécom->télécommunications
têtes-de-loup->tête-de-loup
ultras->ultra
urubus->urubu
verrous->verrou
vers->ver
versos->verso
vertus->vertu
vesses-de-loup->vesse-de-loup
vibratos->vibrato
vice-rois->vice-roi
vidéos->vidéo
vieil->vieux
viragos->virago
voeux->voeu
voyous->voyou
vélos->vélo
yachtmen->yachtman
yogis->yogi
youyous->youyou
zigotos->zigoto
zoos->zoo
zozos->zozo
zébus->zébu
zéros->zéro
échos->écho
écolos->écolo
écrous->écrou
écus->écu
édito->éditorial
éditos->éditorial
émois->émoi
épieux->épieu
épis->épi
étuis->étui
