aigres-doux->aigre-doux
ambigus->ambigu
ardus->ardu
assidus->assidu
avenus->avenu
bais->bai
bel->beau
biscornus->biscornu
bourrus->bourru
branchus->branchu
charnus->charnu
chenus->chenu
chevelus->chevelu
conclus->conclu
contigus->contigu
cornus->cornu
courbatus->courbatu
crochus->crochu
crépus->crépu
discontinus->discontinu
dissolus->dissolu
dodus->dodu
drus->dru
exclus->exclu
exigus->exigu
farfelus->farfelu
flamencos->flamenco
foufous->foufou
fourbus->fourbu
fourchus->fourchu
féaux->féal
férus->féru
gais->gai
gauchis->gauchi
grenus->grenu
griffus->griffu
herbus->herbu
high tech->high-tech
imbus->imbu
impecc->impeccable
inaperçus->inaperçu
inattendus->inattendu
incas->inca
inclus->inclu
incongrus->incongru
indus->indu
ininterrompus->ininterrompu
invaincus->invaincu
irrésolus->irrésolu
issus->issu
lippus->lippu
louf->loufoque
malvenus->malvenu
mol->mou
moussus->moussu
nouvel->nouveau
occis->occire
persos->perso
poilus->poilu
pointus->pointu
repu->repaître
repus->repu
révolus->révolu
saugrenus->saugrenu
suraigus->suraigu
synchro->synchronisé
touffus->touffu
trapus->trapu
ténus->ténu
velus->velu
ventrus->ventru
vermoulus->vermoulu
vieil->vieux
éclos->éclore
élus->élu
